gene.names,gene.id,s.coeff.nominal,s.coeff.nacl,z.score.nominal,z.score.nacl
YFL039C,ACT1,-0.229155465,-0.127297997,-86.2523410217878,-35.8753764909507
YFL037W,TUB2,-0.132701685,-0.090013308,-49.9697282688249,-25.3626877689735
YLR196W,PWP1,-0.11107988,-0.042469863,-41.8363448199328,-11.957468322046
YPL211W,NIP7,-0.108011064,-0.045866349,-40.6819612121769,-12.9151322056459
YER021W,RPN3,-0.106780515,-0.03219285,-40.2190707703451,-9.05978990341387
YPR169W,JIP5,-0.102338098,-0.053809168,-38.5479854515719,-15.1546676815086
YCL052C,PBN1,-0.091705764,-0.046765434,-34.5484650887394,-13.1686357480678
YJR006W,POL31,-0.089487039,-0.039725678,-33.7138566371026,-11.1837254406043
YNL308C,KRI1,-0.087513697,-0.044820152,-32.971552876533,-12.620149366903
YKL049C,CSE4,-0.08582716,-0.057363353,-32.337135346556,-16.156795942933
YGL112C,TAF6,-0.082057788,-0.016497836,-30.9192265347099,-4.63446677227353
YKR038C,KAE1,-0.0724634,-0.02792428,-27.3101459532576,-7.85623560534878
YML085C,TUB1,-0.069743682,-0.058919604,-26.2870810719097,-16.5955922095792
YLR008C,PAM18,-0.055413049,-0.065398953,-20.8963871287191,-18.422491695265
YPL151C,PRP46,-0.054111354,-0.183517777,-20.4067339952964,-51.7269515747079
YBR265W,TSC10,-0.051495975,-0.008877361,-19.4229178767448,-2.48581852718266
YLR051C,FCF2,-0.047454363,-0.053515108,-17.9026016890979,-15.0717553298571
YKL021C,MAK11,-0.047181479,-0.05485896,-17.7999520625257,-15.4506641565984
YJR072C,NPA3,-0.044489844,-0.086149527,-16.787451045175,-24.273266667918
YPL228W,CET1,-0.042808995,-0.066231668,-16.1551731462351,-18.6572817343913
YMR061W,RNA14,-0.042526531,NA,-16.0489198513549,NA
YDR238C,SEC26,-0.040540295,NA,-15.3017658090354,NA
YOR151C,RPB2,-0.039411768,-0.031358768,-14.8772525538549,-8.82461442871421
YBR080C,SEC18,-0.03846128,-0.099802457,-14.5197114805,-28.1228093912848
YKL012W,PRP40,-0.0336746,-0.048055132,-12.7191261969336,-13.5322754613924
YEL034W,HYP2,-0.032163464,-0.010322079,-12.1506885234172,-2.8931672548343
YKL082C,RRP14,-0.032001283,-0.039515957,-12.0896815787554,-11.1245930822397
YER133W,GLC7,-0.031552806,0.013625655,-11.9209798718901,3.85907018876377
YOR204W,DED1,-0.031240066,-0.006763317,-11.803337781426,-1.88974847503435
YEL035C,UTR5,-0.030469218,-0.005890289,-11.5133711313331,-1.64359189291641
YJL076W,NET1,-0.029176806,-0.027079711,-11.0272099449775,-7.61810324487149
YLR163C,MAS1,-0.029046807,-0.047787046,-10.9783087679031,-13.4566866675924
YMR309C,NIP1,-0.027904883,-0.018768356,-10.5487560195783,-5.27465636851835
YPL255W,BBP1,-0.026476249,-0.020008326,-10.0113527764113,-5.62427491125556
YJR046W,TAH11,-0.026121475,-0.031627347,-9.87789893295575,-8.90034222744306
YJR045C,SSC1,-0.025880515,-0.033598203,-9.78725802319613,-9.45603938355561
YDR082W,STN1,-0.02583676,-0.027096693,-9.77079888887288,-7.62289144304787
YLR166C,SEC10,-0.02576899,-0.055562235,-9.74530613300298,-15.648957648089
YER165W,PAB1,-0.024948889,-0.013514911,-9.43681218905058,-3.79340941476134
YMR013C,SEC59,-0.024139409,-0.032549815,-9.13231350199789,-9.16043877645772
YML064C,TEM1,-0.023565615,-0.037057793,-8.91647182630645,-10.4314958980424
YPR104C,FHL1,-0.023266794,-0.01142677,-8.80406558753123,-3.20464290149907
YDR468C,TLG1,-0.022122314,-0.013927966,-8.37355135943658,-3.90987327047585
YLR397C,AFG2,-0.021519446,-0.03227916,-8.14677303944587,-9.08412563445869
YDR288W,NSE3,-0.021416081,-0.013106487,-8.10789066213303,-3.67825130311436
YBL023C,MCM2,-0.021079536,-0.004283427,-7.98129394493909,-1.19052548742289
YER013W,PRP22,-0.021076919,0.009112801,-7.98030951905579,2.58663824358301
YDL055C,PSA1,-0.020978756,-0.009724977,-7.94338395620414,-2.72481001142884
YGL245W,GUS1,-0.020084003,-0.010296956,-7.60680848338647,-2.88608364261047
YML025C,YML6,-0.019656879,-0.025703818,-7.44613904472376,-7.23016022558689
YPR016C,TIF6,-0.018525032,-0.003010443,-7.02037691910667,-0.831598407729205
YOR340C,RPA43,-0.018447214,-0.000474252,-6.99110444933711,-0.116500944465397
YJL125C,GCD14,-0.018447031,-0.048687404,-6.99103561099678,-13.7105491416053
YLR229C,CDC42,-0.018140875,0.000134587,-6.87587019612142,0.0551656312917415
YNL006W,LST8,-0.017607232,0.028421627,-6.67513195323111,8.03090190164435
YPR137W,RRP9,-0.017493497,0.005706587,-6.63234873663287,1.62623147976527
YOR060C,SLD7,-0.017273021,-0.008346037,-6.54941320700073,-2.33600786837534
YPL143W,RPL33A,-0.016859483,-0.008382645,-6.39385435681741,-2.34632975972152
YBL041W,PRE7,-0.016699683,0.013992652,-6.33374306291142,3.96254765703229
YDR054C,CDC34,-0.016494694,-0.009508261,-6.25663321293336,-2.66370536203584
YDR390C,UBA2,-0.016187847,-0.009083734,-6.14120786749424,-2.54400689264336
YBR070C,ALG14,-0.016169245,-0.013160458,-6.13421043139137,-3.69346881835269
YPR103W,PRE2,-0.015799922,-0.018430787,-5.99528375179662,-5.17947633847467
YER172C,BRR2,-0.015300337,-0.012441891,-5.80735696352364,-3.4908636364539
YGL030W,RPL30,-0.015235117,-0.011898134,-5.78282343042884,-3.33754740304248
YGL122C,NAB2,-0.014271506,0.019974162,-5.42034593335723,5.64907782273633
YJL014W,CCT3,-0.014238888,-0.003213795,-5.40807615748348,-0.888934980309748
YGR277C,CAB4,-0.013878094,-0.000934044,-5.27235779594708,-0.246142636604906
YDR449C,UTP6,-0.013856318,NA,-5.26416640961356,NA
YNR011C,PRP2,-0.013726291,-0.00271946,-5.21525469989695,-0.749553638564385
YBL092W,RPL32,-0.013618261,-0.001210356,-5.17461750915437,-0.324050810819446
YIL126W,STH1,-0.01357623,-0.023459715,-5.15880688466024,-6.59741909425936
YOR217W,RFC1,-0.013506003,-0.001351075,-5.13238988943411,-0.363727554382143
YDL102W,POL3,-0.012955395,-0.004362731,-4.92526999384595,-1.21288582590949
YLR323C,CWC24,-0.012912221,7.09e-06,-4.90902941184909,0.019216926610688
YDL028C,MPS1,-0.01258172,-0.013058578,-4.78470624071503,-3.66474301278154
YIL147C,SLN1,-0.012339502,-0.00206497,-4.69359211438637,-0.565015431965778
YEL019C,MMS21,-0.011925812,-0.003810464,-4.53797608700234,-1.05717013622196
YOR122C,PFY1,-0.011799439,-0.004252269,-4.49043888709758,-1.18174026313956
YHR065C,RRP3,-0.011536789,-0.019602803,-4.39163894126273,-5.50993475761763
YMR079W,SEC14,-0.011358302,0.017624416,-4.32449823716137,4.98654988067114
YOR119C,RIO1,-0.011275656,-0.00481479,-4.29340963893763,-1.34034714256332
YKL060C,FBA1,-0.011254072,-0.019488456,-4.28529047643658,-5.47769379089555
YMR277W,FCP1,-0.011228793,-0.013499339,-4.27578138132613,-3.78901877632049
YIL004C,BET1,-0.011227207,0.001120783,-4.2751847823766,0.333230752523113
YOR074C,CDC21,-0.011101645,-0.007106897,-4.2279526529309,-1.9866233501633
YFL005W,SEC4,-0.011057321,0.001116339,-4.21127948027077,0.33197773446306
YHR118C,ORC6,-0.010815553,-0.00203073,-4.12033462854947,-0.555361215409472
YNL282W,POP3,-0.010778858,-0.007813205,-4.10653122473295,-2.1857720180211
YJR057W,CDC8,-0.010635028,-0.001076594,-4.05242729855962,-0.286335643909267
YJL072C,PSF2,-0.010119801,-0.006978802,-3.85861652493446,-1.95050603504122
YIR015W,RPR2,-0.010056401,0.001607004,-3.83476761358503,0.47032429306702
YJL026W,RNR2,-0.010015796,-0.004327511,-3.81949340151336,-1.20295529123914
YGR046W,TAM41,-0.009932343,0.000609252,-3.78810123749373,0.189000873747895
YDR365C,ESF1,-0.009921969,-0.000594289,-3.78419889354517,-0.150346247992536
YBR160W,CDC28,-0.009648881,-0.012140398,-3.68147252915093,-3.40585549649449
YPR175W,DPB2,-0.009620035,-0.008126242,-3.67062165065274,-2.27403507258115
YOR294W,RRS1,-0.009514739,-0.007397124,-3.63101289719138,-2.06845495964014
YHR024C,MAS2,-0.009408272,-0.009598415,-3.59096365358507,-2.68912493678518
YDR041W,RSM10,-0.009292448,-0.009458345,-3.54739462664284,-2.64963118348372
YPL126W,NAN1,-0.009075891,-0.0153753,-3.46593329075799,-4.31795959831766
YLR105C,SEN2,-0.008955386,-0.006612637,-3.42060343173333,-1.84726315521238
YBR257W,POP4,-0.008830322,-0.007916628,-3.37355863285312,-2.21493288364326
YLR075W,RPL10,-0.00862565,-0.002192992,-3.2965680274318,-0.601112164207931
YMR134W,ERG29,-0.008608764,-0.007568651,-3.2902160918317,-2.11681824244544
YNL088W,TOP2,-0.008560714,-0.010949212,-3.27214132542254,-3.06999195669194
YPR010C,RPA135,-0.008483449,-0.003674332,-3.24307687533715,-1.01878673060739
YLR195C,NMT1,-0.008463501,0.004279724,-3.23557312007534,1.22391709897732
YLR115W,CFT2,-0.008460712,-0.008084182,-3.23452399367544,-2.26217595025761
YNL267W,PIK1,-0.00845351,-0.002481145,-3.23181484762594,-0.682358994329107
YDR091C,RLI1,-0.008447165,-0.002768503,-3.22942807566202,-0.763381668429189
YPL237W,SUI3,-0.008439449,-0.010403595,-3.22652558039432,-2.91615128277834
YGL225W,VRG4,-0.008421123,-0.00885801,-3.21963196605064,-2.48036237225914
YMR288W,HSH155,-0.00841562,-0.006469585,-3.2175619256854,-1.80692860536388
YDR002W,YRB1,-0.008147753,-0.014037745,-3.11679952290245,-3.94082625643772
YDR308C,SRB7,-0.008138589,-0.007222712,-3.11335233956482,-2.01927823014194
YFL008W,SMC1,-0.008105698,-0.004738447,-3.10097987042926,-1.31882167952132
YGL142C,GPI10,-0.008067154,0.000532937,-3.08648093605934,0.167483305509156
YKL035W,UGP1,-0.007941209,-0.010000939,-3.03910473511448,-2.80261950060265
YNL245C,CWC25,-0.007837506,0.019214824,-3.00009521376321,5.43497696142115
YDL220C,CDC13,-0.007821713,0.018116023,-2.99415442737612,5.1251620430133
YLL004W,ORC3,-0.007765909,-0.010022307,-2.97316287139909,-2.80864436331804
YAL033W,POP5,-0.007602924,-0.004063407,-2.91185348943871,-1.12848925124537
YOL139C,CDC33,-0.007575149,0.006709087,-2.90140548450606,1.90889363215126
YLR275W,SMD2,-0.007554348,-0.00039741,-2.89358085982184,-0.0948347847510391
YOL144W,NOP8,-0.007378019,-0.005939333,-2.82725192150426,-1.65742020473847
YLR249W,YEF3,-0.007377083,-0.018788151,-2.82689983032093,-5.28023771246496
YNL317W,PFS2,-0.007358399,-0.0040172,-2.81987154862293,-1.11546085216777
YGR047C,TFC4,-0.007333915,0.000233349,-2.81066150531884,0.0830122941285941
YDR201W,SPC19,-0.007325089,-0.002184135,-2.80734146601963,-0.598614868762861
YGL247W,BRR6,-0.007280068,0.004400554,-2.79040610580097,1.25798599461103
YGL137W,SEC27,-0.0072702,-0.001698672,-2.78669410174425,-0.461735051821456
YDR367W,KEI1,-0.007250588,0.00071003,-2.77931673818928,0.217415962419372
YOL146W,PSF3,-0.007218946,-0.005530474,-2.76741410013062,-1.54213944168373
YPL011C,TAF3,-0.007199622,-0.012016483,-2.76014507232437,-3.37091676271603
YLR153C,ACS2,-0.007183352,-0.048132685,-2.75402485485346,-13.5541420927181
YPL209C,IPL1,-0.0071246,-0.003688424,-2.73192436211526,-1.02276007230457
YGL075C,MPS2,-0.007118041,-0.003883266,-2.7294570906714,-1.077697188609
YJL019W,MPS3,-0.007111988,-0.002307089,-2.72718015911938,-0.633282641615197
YGR216C,GPI1,-0.007091715,-0.006790633,-2.71955414997447,-1.89745041952769
YFL045C,SEC53,-0.006997523,-0.003001431,-2.68412234149141,-0.829057408908953
YDR362C,TFC6,-0.006955342,0.001011904,-2.66825529212816,0.302531528094551
YLR424W,SPP382,-0.006940922,-0.003628229,-2.66283098137644,-1.00578765508474
YJL143W,TIM17,-0.006910931,-0.007913059,-2.65154939304393,-2.21392657818504
YMR260C,TIF11,-0.006904198,-0.002619411,-2.64901666875189,-0.721344096734893
YFR027W,ECO1,-0.00690047,-0.00325054,-2.64761432267128,-0.899295499800445
YDR427W,RPN9,-0.006876019,0.002604416,-2.63841669283839,0.751551846918004
YHR069C,RRP4,-0.006846808,0.004832546,-2.62742851382532,1.37978927494373
YGL097W,SRM1,-0.006802564,-0.004064755,-2.61078543442872,-1.12886932963082
YOR194C,TOA1,-0.006784806,0.004741346,-2.60410548225612,1.35407477290123
YPL160W,CDC60,-0.006741654,-0.006953748,-2.58787317590674,-1.94344187786828
YKR022C,NTR2,-0.006650143,-0.005521138,-2.55344986791781,-1.53950708871148
YGL073W,HSF1,-0.00659769,-0.014370257,-2.53371884351699,-4.03458042862143
YMR213W,CEF1,-0.006510358,-0.004519467,-2.50086753238183,-1.2570786788934
YDR429C,TIF35,-0.006376581,-0.005140877,-2.45054520093715,-1.43228973935642
YNL102W,POL1,-0.006374947,-0.008864886,-2.4499305460295,-2.48230111037366
YLR274W,MCM5,-0.00636175,-0.009932991,-2.44496628604403,-2.78346106875195
YBR154C,RPB5,-0.006337207,-0.002494674,-2.43573404895808,-0.686173594089337
YLR147C,SMD3,-0.006303767,-0.000886054,-2.42315506480154,-0.232611507734079
YBR002C,RER2,-0.006172969,-0.00798562,-2.37395333125763,-2.2343856788726
YDR113C,PDS1,-0.006146275,-0.012952108,-2.36391196154846,-3.63472302339048
YGR251W,NOP19,-0.005970087,-0.005742639,-2.29763606260786,-1.60196090358994
YNL244C,SUI1,-0.005960888,0.011443408,-2.29417571346742,3.24376980566365
YPR180W,AOS1,-0.005948774,-0.002422641,-2.28961884103703,-0.665863366834654
YBL035C,POL12,-0.005767487,-0.001320224,-2.22142487271203,-0.355028890977395
YDL014W,NOP1,-0.005767401,-0.008506133,-2.22139252245373,-2.38114809775029
YHR170W,NMD3,-0.005760415,0.004033755,-2.21876462821576,1.15456435387983
YFL038C,YPT1,-0.005725777,-0.007578093,-2.20573499743782,-2.11948048288716
YPL076W,GPI2,-0.005714113,-0.008769062,-2.20134739961479,-2.45528283796445
YPL235W,RVB2,-0.00570711,-0.004402916,-2.19871311055833,-1.22421627837197
YER112W,LSM4,-0.005702314,-0.000128433,-2.19690901940956,-0.0189947670330088
YGL207W,SPT16,-0.005689289,-0.006908916,-2.19200945994069,-1.93080117002213
YIR006C,PAN1,-0.005609575,0.003614372,-2.16202377982541,1.03631627262887
YIL003W,CFD1,-0.005607854,0.000901327,-2.16137639849366,0.271353540239802
YBL034C,STU1,-0.005575928,-0.005907662,-2.14936692934947,-1.64849033638115
YDL164C,CDC9,-0.005536327,0.00048379,-2.13447038773513,0.153625952089391
YER094C,PUP3,-0.005480472,-0.006583844,-2.1134596473026,-1.83914475984715
YKL104C,GFA1,-0.005468456,-0.000548331,-2.10893963912003,-0.137388056272481
YBR167C,POP7,-0.005394565,-0.008827794,-2.08114437242411,-2.47184275171401
YKL173W,SNU114,-0.005378426,-0.002496295,-2.07507343267224,-0.686630646806561
YBR236C,ABD1,-0.005330474,-0.003028876,-2.05703553051092,-0.836795725888737
YLR340W,RPP0,-0.005318469,-0.011228177,-2.05251966015209,-3.14864816351524
YLR457C,NBP1,-0.005246456,-0.00279651,-2.02543083281759,-0.771278445388665
YKL192C,ACP1,-0.005242957,-0.005498735,-2.02411462870385,-1.53319040023278
YJR141W,,-0.005229113,-0.003165437,-2.01890698944956,-0.875300091167522
YGR264C,MES1,-0.005224558,-0.003531949,-2.01719355425719,-0.978640810165321
YNL312W,RFA2,-0.005218394,-0.001255496,-2.01487486830201,-0.336778361501445
YDR311W,TFB1,-0.005127159,-0.002675507,-1.98055538207227,-0.737160771149102
YLR321C,SFH1,-0.005113286,-0.000129185,-1.97533683400996,-0.0192067988919557
YMR094W,CTF13,-0.005089057,-0.010625557,-1.96622271298337,-2.9787350799533
YOR168W,GLN4,-0.005055998,0.011919449,-1.9537870479944,3.37799302130852
YOR210W,RPB10,-0.005043689,-0.006730174,-1.94915682323414,-1.88040356559143
YNL313C,EMW1,-0.005037272,-0.009810702,-1.94674296733305,-2.74898079747701
YKL196C,YKT6,-0.004880873,-0.001534114,-1.88791101329298,-0.415336729155787
YHR058C,MED6,-0.004878036,0.006912617,-1.88684383093497,1.96628039312395
YMR203W,TOM40,-0.004857043,-0.002920283,-1.87894698241827,-0.806177141236316
YDL165W,CDC36,-0.004823683,0.00104381,-1.86639809152525,0.311527656407795
YPR165W,RHO1,-0.004821578,-0.015245321,-1.86560626252856,-4.28131107571918
YER048W-A,ISD11,-0.004778737,0.01287212,-1.84949094374116,3.64660552542394
YKR025W,RPC37,-0.004739845,-0.005930082,-1.83486110367488,-1.65481181813326
YPR182W,SMX3,-0.004724616,-0.000744561,-1.82913247479569,-0.192716529252732
YBR153W,RIB7,-0.004692951,0.000250085,-1.81722118492377,0.0877311308191995
YFR037C,RSC8,-0.004659617,-0.000531053,-1.8046820743414,-0.132516398747369
YGR147C,NAT2,-0.004657544,-0.003123872,-1.80390228265012,-0.863580537687299
YDR062W,LCB2,-0.004605625,-0.001394829,-1.78437213078338,-0.376064312302838
YMR218C,TRS130,-0.004529186,-0.003065116,-1.75561839364395,-0.847013856963518
YKR037C,SPC34,-0.004510052,0.000837338,-1.74842083733859,0.253311377178429
YKR083C,DAD2,-0.004497766,-0.003787597,-1.7437992643916,-1.05072261957497
YNL118C,DCP2,-0.004484496,-0.002778177,-1.73880754430316,-0.766109322955057
YDR180W,SCC2,-0.004479397,-0.009186257,-1.73688947491876,-2.5729139967322
YCL054W,SPB1,-0.004455733,-0.008747698,-1.72798788756588,-2.44925910307809
YDL098C,SNU23,-0.004420473,-0.000779874,-1.71472428166397,-0.2026732859482
YOR004W,UTP23,-0.004367597,-0.008676937,-1.69483413913222,-2.42930752545716
YOR341W,RPA190,-0.004332394,-0.007718622,-1.68159197468058,-2.1591036545706
YML046W,PRP39,-0.004329228,-0.006195661,-1.68040103377628,-1.7296937450844
YBR252W,DUT1,-0.004272282,-0.00605354,-1.65897989646233,-1.68962169744425
YOL133W,HRT1,-0.004265761,-0.005009074,-1.65652691931864,-1.39512692671709
YHR186C,KOG1,-0.004232809,-0.001471852,-1.64413150406964,-0.397781506281118
YOR077W,RTS2,-0.004222911,-0.005170479,-1.64040821503909,-1.44063623814438
YMR043W,MCM1,-0.004190867,-0.031100339,-1.62835435833119,-8.75174849616662
YNL007C,SIS1,-0.004164343,0.001103197,-1.61837693680702,0.328272252162156
YOR095C,RKI1,-0.004153101,0.002701437,-1.61414808094913,0.778907622166524
YDR045C,RPC11,-0.004114587,0.00072742,-1.59966043155304,0.222319199157518
YGR172C,YIP1,-0.004067251,-0.000852949,-1.58185424752091,-0.223277312667009
YDL003W,MCD1,-0.004044698,-0.001774618,-1.57337058036533,-0.483148577831537
YNL182C,IPI3,-0.004035663,0.020723397,-1.56997192241514,5.86033006986144
YFR042W,KEG1,-0.003946574,0.00139616,-1.53645968797965,0.410875296700266
YGR267C,FOL2,-0.003931605,-0.01208152,-1.53082886220694,-3.38925441698508
YML015C,TAF11,-0.003921832,0.004697381,-1.52715259390067,1.34167852199884
YEL055C,POL5,-0.003919813,-0.020506504,-1.52639311516227,-5.76473981474817
YMR112C,MED11,-0.003833992,-0.01340586,-1.49411019054208,-3.76266169368419
YDR064W,RPS13,-0.00380721,-0.002222357,-1.48403571824302,-0.609391839125452
YOR159C,SME1,-0.003800928,0.00276508,-1.48167264472414,0.796852228016201
YKL099C,UTP11,-0.00378334,-0.001282308,-1.47505664073654,-0.344338199536131
YJL085W,EXO70,-0.003774378,-0.003543992,-1.47168544288932,-0.982036421438322
YPR085C,ASA1,-0.00373716,-0.004301933,-1.45768530436245,-1.19574338846235
YPL218W,SAR1,-0.003724721,-0.002757981,-1.45300617804896,-0.760414914147488
YGR185C,TYS1,-0.003724175,0.000684673,-1.45280079152535,0.210266372196876
YMR281W,GPI12,-0.003710676,-0.003864132,-1.44772292947005,-1.07230221841074
YER126C,NSA2,-0.003706232,-0.006148222,-1.44605124868082,-1.71631797466342
YGL061C,DUO1,-0.003631672,0.00147933,-1.41800432706862,0.434325681951082
YIL062C,ARC15,-0.003625498,-0.000594684,-1.4156818794555,-0.150457621109935
YHR036W,BRL1,-0.003585228,0.013838012,-1.40053368292488,3.91894578646375
YNL290W,RFC3,-0.003567432,-0.005888547,-1.39383943645209,-1.64310072337082
YLR103C,CDC45,-0.003548549,-0.002173233,-1.38673629776106,-0.595540970722649
YAL001C,TFC3,-0.003547592,0.001495351,-1.38637630709606,0.438842919201332
YLR141W,RRN5,-0.003544558,0.002195896,-1.38523502007659,0.636366667374141
YMR227C,TAF7,-0.003539235,-0.008212394,-1.3832326895543,-2.29832625437901
YJL061W,NUP82,-0.003423238,-0.009754377,-1.33959858592969,-2.73309955485044
YGL040C,HEM2,-0.003407408,-0.00298036,-1.33364388140821,-0.823116287499551
YLR145W,RMP1,-0.003400126,0.001758378,-1.33090464209518,0.513005291226897
YDR212W,TCP1,-0.003399185,0.000629319,-1.33055067008288,0.194658910069022
YLR045C,STU2,-0.00338037,-0.006124163,-1.32347311066585,-1.70953436496341
YGL047W,ALG13,-0.003378182,0.001426055,-1.32265005990824,0.419304408965183
YDL145C,COP1,-0.003332771,-0.009590997,-1.30556799502986,-2.68703337783615
YDR182W,CDC1,-0.003301602,8.78e-05,-1.29384328339184,0.0419736970037783
YGR246C,BRF1,-0.003285199,-0.004315673,-1.28767303587031,-1.19961748120428
YJL074C,SMC3,-0.003250001,-0.00306365,-1.27443275224764,-0.846600507621475
YNL261W,ORC5,-0.00321764,-0.002474556,-1.26225965098299,-0.680501177947989
YGR009C,SEC9,-0.00321598,-0.00541233,-1.26163521576469,-1.50882788324833
YIL150C,MCM10,-0.003172346,-0.002279959,-1.24522159750252,-0.625633141172073
YKL125W,RRN3,-0.003163972,0.003748925,-1.24207158514227,1.0742544677311
YLR116W,MSL5,-0.003149789,0.001669127,-1.23673642568377,0.487840323882656
YKL108W,SLD2,-0.003135342,0.000403292,-1.23130195845561,0.130928956635259
YDR243C,PRP28,-0.003129782,-0.00137113,-1.22921047664011,-0.369382207216159
YDL105W,NSE4,-0.003127478,-0.003245466,-1.22834379065037,-0.897864848667072
YPR133C,SPN1,-0.003127241,0.008658658,-1.22825463935716,2.45858932800094
YNL222W,SSU72,-0.003035476,-0.00107741,-1.19373578525651,-0.286565721032805
YOR174W,MED4,-0.003010043,-0.000451561,-1.18416876061377,-0.11010305229603
YMR208W,ERG12,-0.003009587,-0.003620972,-1.18399722901163,-1.00374149125446
YDR196C,CAB5,-0.002999437,-0.008360495,-1.18017914620096,-2.3400844064294
YDR489W,SLD5,-0.00299295,-0.006627844,-1.17773895869427,-1.85155087925361
YNL162W,RPL42A,-0.002984214,-0.001942386,-1.17445277431653,-0.53045198329936
YDR013W,PSF1,-0.002978825,0.001055621,-1.17242561685183,0.314857853596654
YDR232W,HEM1,-0.002907923,-0.001047951,-1.14575470971465,-0.278259542132916
YJR022W,LSM8,-0.002862405,0.010268096,-1.12863239509629,2.91238205539425
YGR030C,POP6,-0.002842346,0.00013545,-1.12108688543134,0.0554089604064638
YGR145W,ENP2,-0.002840788,-0.004792259,-1.12050081912404,-1.33399436355543
YIR011C,STS1,-0.002756603,0.003147173,-1.08883330174309,0.904586123070184
YGL171W,ROK1,-0.002742724,-0.002371938,-1.08361249668601,-0.651567287919515
YJL001W,PRE3,-0.002734189,0.000946089,-1.0804019216329,0.283974511077809
YHR196W,UTP9,-0.002720189,0.004035852,-1.07513560051473,1.15515561825245
YKL078W,DHR2,-0.002715233,-0.005965707,-1.0732713228389,-1.66485654549361
YMR200W,ROT1,-0.002610805,-0.001432403,-1.03398908128687,-0.386658574361442
YLR409C,UTP21,-0.002606596,-0.002277095,-1.03240579945927,-0.624825615581615
YOR319W,HSH49,-0.002569299,0.001662056,-1.01837594383466,0.485846604102585
YKL028W,TFA1,-0.002568813,0.008197066,-1.0181931272587,2.3284401127948
YBR109C,CMD1,-0.002543337,0.022971044,-1.00860992748681,6.49407045771571
YKL095W,YJU2,-0.002510065,-0.004984951,-0.996094139183679,-1.3883252717525
YMR117C,SPC24,-0.00250456,-0.002443988,-0.994023346486855,-0.671882308447605
YLR175W,CBF5,-0.002492328,-0.009189306,-0.98942208649275,-2.57377368441562
YDR478W,SNM1,-0.002484919,0.000379208,-0.986635074123855,0.124138298003774
YLR347C,KAP95,-0.002464213,0.048470278,-0.978846185190079,13.6837645890214
YHL015W,RPS20,-0.002459598,0.006726168,-0.977110180050053,1.9137097440963
YDR208W,MSS4,-0.002432205,-0.005394229,-0.966805870450762,-1.50372417489886
YPR168W,NUT2,-0.002427849,-0.004647737,-0.965167292251422,-1.29324533653585
YGR253C,PUP2,-0.002382545,0.015082964,-0.948125477113019,4.26996904026648
YER157W,COG3,-0.002344627,0.003407253,-0.933862022530245,0.977917567052775
YDR087C,RRP1,-0.002322661,-0.00285773,-0.925599164695834,-0.788539868799209
YDR437W,GPI19,-0.002321776,-0.001933175,-0.925266257968006,-0.52785487498452
YPL243W,SRP68,-0.002320885,0.005531151,-0.924931094245414,1.57676602603361
YOR143C,THI80,-0.002319402,0.010677695,-0.924373240372682,3.02787146682083
YDR044W,HEM13,-0.002283985,-0.005246695,-0.911050576441091,-1.46212589261446
YDR141C,DOP1,-0.002251414,-0.002529784,-0.898798480359664,-0.696073113461179
YLR355C,ILV5,-0.002240498,0.003765818,-0.894692254550667,1.07901757171141
YDR373W,FRQ1,-0.002232302,-0.000894217,-0.891609199701771,-0.234913124841238
YJL033W,HCA4,-0.002222188,-0.007035063,-0.887804658859687,-1.96636923240321
YOL069W,NUF2,-0.002210988,0.000853737,-0.883591601965149,0.257935194272671
YJL034W,KAR2,-0.002195877,-0.002336127,-0.877907360649671,-0.641470116508947
YJL054W,TIM54,-0.002154808,-0.003002129,-0.862458607649515,-0.829254215075901
YER127W,LCP5,-0.00215121,-0.001662687,-0.861105163122145,-0.451588819847781
YGL172W,NUP49,-0.00214934,-0.002586997,-0.860401733087075,-0.712204734133956
YDL208W,NHP2,-0.002146111,0.006648633,-0.859187093737748,1.89184818800129
YBR256C,RIB5,-0.002139084,-0.001083939,-0.85654377670222,-0.28840661997837
YLR029C,RPL15A,-0.00212893,0.002783821,-0.852724189228369,0.802136389011578
YGL130W,CEG1,-0.002104978,-0.003928961,-0.843714266126765,-1.09058122556987
YGR090W,UTP22,-0.002103306,0.003380794,-0.843085316918938,0.9704572599306
YDR052C,DBF4,-0.002101555,-0.008555369,-0.842426650613373,-2.39503054536613
YOR236W,DFR1,-0.002067465,0.000721126,-0.829603158690625,0.220544560167875
YDR086C,SSS1,-0.002058285,0.005478515,-0.826149956700281,1.56192492373637
YPR041W,TIF5,-0.002034153,-0.021316763,-0.817072323755729,-5.993198221661
YNL124W,NAF1,-0.002007305,-0.000276072,-0.806973024514253,-0.0606226548296318
YPR144C,NOC4,-0.001999689,0.000491738,-0.804108145825967,0.155866948385814
YDR246W,TRS23,-0.001992519,-0.003605283,-0.801411037081875,-0.999317863814272
YBR079C,RPG1,-0.001988559,-0.008672759,-0.799921420537021,-2.42812950802807
YMR236W,TAF9,-0.001953377,0.007543704,-0.786687155567056,2.14421995398461
YJL173C,RFA3,-0.001945472,0.002392386,-0.783713564964259,0.691768449241794
YGR074W,SMD1,-0.001928627,0.000451505,-0.777377052161716,0.144522961974896
YHR005C-A,TIM10,-0.001919411,-0.004797531,-0.773910308202783,-1.33548084222613
YHR190W,ERG9,-0.00191511,0.0023751,-0.772292419122122,0.686894536058608
YJL174W,KRE9,-0.001911904,0.012874331,-0.77108643158606,3.64722893292412
YLR259C,HSP60,-0.001875678,-0.003769685,-0.757459449526997,-1.0456722011475
YOR335C,ALA1,-0.001871459,0.007248215,-0.755872406041457,2.06090468540967
YLR215C,CDC123,-0.001864971,0.004309332,-0.753431842368978,1.23226528950883
YKR079C,TRZ1,-0.001853498,0.0073041,-0.749116092212637,2.07666186684218
YFL029C,CAK1,-0.001843672,0.002948057,-0.745419887119268,0.848443921439772
YKL088W,CAB3,-0.001840776,-0.002924848,-0.744330510979395,-0.807464276124737
YPL124W,SPC29,-0.001820347,-0.002172966,-0.7366458199706,-0.595465688134433
YIL019W,FAF1,-0.001791003,-0.004726103,-0.725607610906913,-1.31534119911329
YLR078C,BOS1,-0.001766729,-0.000547406,-0.716476562419591,-0.137127245807686
YKL182W,FAS1,-0.001762503,-0.004096961,-0.714886885773492,-1.13795004512184
YDR376W,ARH1,-0.001755899,0.000213819,-0.712402686868891,0.0775056688556781
YOR373W,NUD1,-0.001746638,-0.010142491,-0.708919015449221,-2.84253111456229
YPL266W,DIM1,-0.001725233,-0.00434173,-0.70086718662533,-1.20696444150824
YML098W,TAF13,-0.001715384,0.002561691,-0.697162329718697,0.739505223017065
YDL139C,SCM3,-0.001674802,0.011031687,-0.681896769460294,3.12768208093297
YNL287W,SEC21,-0.001673204,-0.004129744,-0.681295656521234,-1.14719344995144
YJR067C,YAE1,-0.001673082,0.000716111,-0.681249764294347,0.219130544512797
YGR099W,TEL2,-0.001670889,-0.004174487,-0.680424832707765,-1.15980906360152
YPR025C,CCL1,-0.001596494,0.004381523,-0.652439978451595,1.25262006601048
YNL002C,RLP7,-0.001595194,0.001935006,-0.651950962919193,0.562806838011567
YDR118W,APC4,-0.001578106,-0.004826438,-0.64552304182867,-1.34363138071892
YKR081C,RPF2,-0.001575661,-0.004532078,-0.644603316461961,-1.26063444188965
YDL029W,ARP2,-0.001541389,0.000435072,-0.631711362364677,0.139889558333839
YNL189W,SRP1,-0.001538973,-0.001497791,-0.630802545805998,-0.40509519562849
YJR076C,CDC11,-0.001522853,-0.003980132,-0.624738753204218,-1.10500926048234
YIL142W,CCT2,-0.001514228,0,-0.62149432322963,0.0172178496426914
YNL149C,PGA2,-0.001476428,0.003283909,-0.607275256210567,0.943139830869337
YIL063C,YRB2,-0.001464237,-0.00303136,-0.602689419014022,-0.837496107720684
YGR002C,SWC4,-0.001461786,-0.001532508,-0.601767436652547,-0.414883905797451
YDL150W,RPC53,-0.001460708,0.000686098,-0.601361929926448,0.21066816129129
YKL180W,RPL17A,-0.001445406,0.001177285,-0.595605840944286,0.349161901584572
YGL065C,ALG2,-0.001435363,0.000613317,-0.591828007873587,0.190147030006697
YMR047C,NUP116,-0.001419818,-0.011742076,-0.585980510603445,-3.29354571708033
YML077W,BET5,-0.001409674,0.006823745,-0.582164684787536,1.94122228758096
YBR211C,AME1,-0.00137888,-0.002635156,-0.570581035322323,-0.725783513781594
YDL153C,SAS10,-0.001372748,-0.001414675,-0.568274386672564,-0.381660036069673
YBR087W,RFC5,-0.001367312,0.00082226,-0.566229549415537,0.24906002562364
YDL212W,SHR3,-0.001359976,0.002064246,-0.563469997149615,0.599246994195472
YDR325W,YCG1,-0.001353134,-0.003824016,-0.560896270786006,-1.06099122099915
YOR176W,HEM15,-0.001338729,0.004287936,-0.555477602521201,1.22623253199018
YBL018C,POP8,-0.001309747,0.003014598,-0.544575565474998,0.867205639426721
YDR397C,NCB2,-0.00127636,0.006449426,-0.532016518105541,1.83568032826029
YNL272C,SEC2,-0.001237257,-0.003393673,-0.517307307056693,-0.939652888186942
YER003C,PMI40,-0.001231889,0.002387394,-0.515288049073668,0.690360918603678
YFR050C,PRE4,-0.001151224,0.004780121,-0.484944635288146,1.36500766562818
YLR167W,RPS31,-0.001141422,-0.001125038,-0.481257458173837,-0.299994781375788
YNL131W,TOM22,-0.001139358,0.002354019,-0.480481051974701,0.680950595076614
YPR162C,ORC4,-0.001136771,0.000179024,-0.479507911065222,0.0676949660204957
YJL069C,UTP18,-0.00113133,0.000667742,-0.477461192979224,0.20549255384072
YHR143W-A,RPC10,-0.001065596,0.000770526,-0.452734310666232,0.234473248774227
YCL043C,PDI1,-0.001061152,-0.00147277,-0.451062629877006,-0.398040343045098
YKL022C,CDC16,-0.00104138,-0.001495035,-0.443625079794971,-0.40431812142203
YJR123W,RPS5,-0.001034543,0.003888086,-0.441053234260333,1.11349192188391
YNR026C,SEC12,-0.001025294,0.00087921,-0.437574076830192,0.265117491537238
YPR105C,COG4,-0.001022879,0.001323575,-0.436665636437307,0.390409429038484
YGL008C,PMA1,-0.001004574,-0.006195815,-0.429779921575298,-1.72973716650233
YGR113W,DAM1,-0.000999139,0.000922017,-0.427735460484065,0.277187235933434
YHR085W,IPI1,-0.000973341,-0.002556886,-0.418031135326451,-0.703714719101044
YDR236C,FMN1,-0.000951684,-0.001396613,-0.409884512722434,-0.376567324053318
YDL205C,HEM3,-0.000947716,0.004840645,-0.408391886851226,1.3820728467863
YNL062C,GCD10,-0.000915281,-0.00037295,-0.396190949317805,-0.0879381101900803
YPL010W,RET3,-0.000910437,-0.004810329,-0.394368802210918,-1.33908933122986
YLR359W,ADE13,-0.000908538,-0.000368121,-0.393654463367817,-0.0865765385852205
YKL112W,ABF1,-0.000896954,-0.000794814,-0.389296958808324,-0.206885727401214
YHR068W,DYS1,-0.000893606,0.003380745,-0.388037555729493,0.970443444024897
YLR026C,SED5,-0.000886794,-0.013196826,-0.385475114339708,-3.70372303995666
YLR129W,DIP2,-0.000863109,0.007268097,-0.376565627505144,2.06651055963783
YER036C,ARB1,-0.000842113,0.003885621,-0.368667650491064,1.11279689723989
YBR011C,IPP1,-0.000823325,-0.000244999,-0.361600247550477,-0.0518613969133328
YPL204W,HRR25,-0.000796818,-0.002028115,-0.351629220844808,-0.554623897176565
YLL018C,DPS1,-0.000767681,-0.007940063,-0.34066887810051,-2.2215405520135
YNL039W,BDP1,-0.000719681,0.004159012,-0.322612919981064,1.18988147430019
YER023W,PRO3,-0.000693218,0.003313468,-0.312658444570337,0.951474205495149
YGL169W,SUA5,-0.000691751,0.003311063,-0.312106609350312,0.950796098286682
YJR007W,SUI2,-0.000687442,0.007227112,-0.310485710943297,2.05495454136797
YDL087C,LUC7,-0.000685606,0.000647394,-0.309795070545229,0.199755287529747
YHR188C,GPI16,-0.000674356,0.001454459,-0.305563205360984,0.427313122956576
YOR370C,MRS6,-0.000665556,-0.004958806,-0.302252946372419,-1.38095349920972
YOR075W,UFE1,-0.000664449,-0.001806722,-0.301836530838289,-0.492200533682111
YDR356W,SPC110,-0.000629757,-0.001193822,-0.28878658710746,-0.319388929495207
YLR438C-A,LSM3,-0.000626334,0.00711948,-0.287498971594067,2.02460691764168
YKL006C-A,SFT1,-0.000606268,0.006311346,-0.27995082876855,1.79674766990472
YJL156C,SSY5,-0.000600989,-0.001795299,-0.277965049541205,-0.488979735909836
YMR298W,LIP1,-0.000589928,0.000669081,-0.273804279692055,0.205870094610839
YPL153C,RAD53,-0.000555286,-0.00051601,-0.260773144250934,-0.128274915696653
YDL045C,FAD1,-0.000553075,0.002705174,-0.259941441680057,0.779961296444295
YGR280C,PXR1,-0.000525947,0.006976088,-0.249736816016217,1.98417650232504
YOR362C,PRE10,-0.000473779,-0.000290325,-0.230112998866733,-0.0646413916455495
YIL109C,SEC24,-0.000466901,0.00240354,-0.227525730534534,0.694913400511333
YMR049C,ERB1,-0.000436209,0.002324355,-0.215980449980325,0.672586614938581
YBL030C,PET9,-0.000420615,0.012612471,-0.21011452058627,3.57339560502008
YLL036C,PRP19,-0.000390813,-0.007004926,-0.198904027588859,-1.95787188648156
YNL260C,LTO1,-0.000386408,0.000807604,-0.197247017265606,0.24492766003225
YNL232W,CSL4,-0.000342721,-8.43e-05,-0.180813462216351,-0.00655114731106289
YIR022W,SEC11,-0.000341479,-0.007340074,-0.180346264300011,-2.05236929800062
YBL020W,RFT1,-0.000329236,0.005577842,-0.17574086648217,1.58993089242469
YER038C,KRE29,-0.000303069,0.002446007,-0.165897736146513,0.706887279439389
YOR206W,NOC2,-0.000300504,0.001985415,-0.164932870884505,0.57702002149249
YPR108W,RPN7,-0.00029744,0.00228536,-0.163780298891214,0.661591691614599
YKR063C,LAS1,-0.000297385,-0.004162936,-0.163759609772535,-1.15655217530006
YDL217C,TIM22,-0.000291393,0.004909247,-0.161505624333957,1.40141567868453
YMR220W,ERG8,-0.000274182,0.003693916,-0.155031434850754,1.05874428085769
YGR175C,ERG1,-0.00026776,-0.010031968,-0.15261569812069,-2.81136835239954
YBL074C,AAR2,-0.000204129,0.005688418,-0.128679892472805,1.62110859832218
YBR234C,ARC40,-0.000183222,0.004349188,-0.120815394214404,1.24350297803302
YLR066W,SPC3,-0.000157201,0.002829844,-0.111027184084694,0.815112907953483
YNL172W,APC1,-0.000144884,-0.007441875,-0.106393949998085,-2.08107282894829
YKL186C,MTR2,-0.000128756,0.0039802,-0.100327148069952,1.13946413286135
YML125C,PGA3,-0.000113706,-0.002393913,-0.0946658528679172,-0.657763298691267
YNL161W,CBK1,-9.71e-05,0.004843007,-0.0884192436901774,1.38273882983261
YKR062W,TFA2,-9.27e-05,-0.002544863,-0.0867641141958949,-0.700324746973227
YIR012W,SQT1,-7.58e-05,0.005522011,-0.0804069122746734,1.57418893668418
YOR272W,YTM1,-7.07e-05,0.000667729,-0.0784884667244823,0.205488888396349
YOR250C,CLP1,-4.77e-05,0.006383944,-0.0698366534589146,1.81721720301087
YLL011W,SOF1,-3.77e-05,-0.010032862,-0.0660749955173634,-2.8116204221893
YHR197W,RIX1,-2.31e-05,-0.000288893,-0.0605829749226987,-0.0642376288503208
YDL207W,GLE1,0,0.005595273,-0.0518935450777155,1.59484568941047
YDR328C,SKP1,0,0.004874945,-0.0518935450777155,1.39174398077815
YGL120C,PRP43,0,0.001490284,-0.0518935450777155,0.437414241768773
YPL210C,SRP72,0,-0.000197377,-0.0518935450777155,-0.038434028313906
YMR128W,ECM16,0,-0.003113658,-0.0518935450777155,-0.860700626241444
YBR004C,GPI18,0,-0.003266616,-0.0518935450777155,-0.903828244699953
YBR091C,TIM12,1.61e-05,0.005741487,-0.0458372757918181,1.63607178811268
YGR179C,OKP1,2.13e-05,-0.006233239,-0.0438812136622115,-1.74028913497204
YPR187W,RPO26,2.31e-05,-0.000490933,-0.0432041152327323,-0.121204273506744
YJL041W,NSP1,2.44e-05,-0.007436245,-0.0427150997003307,-2.07948540957878
YML114C,TAF8,3.77e-05,-0.00415462,-0.0377120946380676,-1.15420741873224
YPL175W,SPT14,4.77e-05,-0.00192959,-0.0339504366965164,-0.526844058210152
YOR310C,NOP58,5.52e-05,-0.002349558,-0.031129193240353,-0.645257084457771
YJL035C,TAD2,7.58e-05,-0.011595588,-0.0233801778807576,-3.25224236208909
YNL263C,YIF1,8.1e-05,0.001994891,-0.021424115751151,0.579691848481028
YJL090C,DPB11,9.27e-05,0.000986583,-0.0170229759595362,0.295392088333388
YDL092W,SRP14,0.000140759,0.00077545,0.00105517594176461,0.235861606318714
YDR361C,BCP1,0.000142415,0.006576589,0.00167810649688548,1.87153485921676
YBR243C,ALG7,0.000156143,-0.010699519,0.00684211051904693,-2.99958920276105
YKL154W,SRP102,0.00017347,0.003709006,0.0133599352343726,1.06299901589959
YJR093C,FIP1,0.000177485,-0.006478658,0.0148702408979054,-1.80948680357695
YPL169C,MEX67,0.00021523,0.000690443,0.0290686187982903,0.211893265582679
YPL094C,SEC62,0.000219257,0.000323131,0.030583438451353,0.108326980777491
YIL021W,RPB3,0.0002323,NA,0.0354897689045182,NA
YEL026W,SNU13,0.000235812,0.003331095,0.0368108631735909,0.956444266103736
YFR003C,YPI1,0.000266013,0.000609088,0.0481714463228696,0.18895463275738
YJR017C,ESS1,0.000275145,-0.00082833,0.0516065923550942,-0.216335806901831
YPL083C,SEN54,0.000278438,-0.000323131,0.052845306315247,-0.0738912814921078
YER025W,GCD11,0.000286658,-0.020383202,0.055937389143202,-5.72997392076962
YPL217C,BMS1,0.000317973,-0.00391211,0.0677170209871695,-1.08582996379446
YML105C,SEC65,0.000324237,-0.003241154,0.0700733235217572,-0.896649048965238
YKL122C,SRP21,0.000334998,0.002168729,0.0741212436326604,0.628706734512425
YIL046W,MET30,0.000335192,0.000344865,0.0741942197967265,0.114455039849767
YDL097C,RPN6,0.000350447,-0.004132151,0.0799326289865628,-1.14787212107442
YIL104C,SHQ1,0.000350488,-0.003752664,0.0799480517841231,-1.04087300663801
YKL013C,ARC19,0.000364103,-0.001815698,0.0850695490715451,-0.49473138204103
YGR278W,CWC22,0.000372165,-0.001702019,0.0881021977040236,-0.462678762768126
YNL152W,INN1,0.000381805,0.0088103,0.0917284359596789,2.50134589070629
YDL166C,FAP7,0.000385078,0.002206582,0.0929596266039487,0.639379662646357
YIL075C,RPN2,0.000390533,-0.002382296,0.0950116110110648,-0.654487801210701
YOR103C,OST2,0.00039129,-0.00032734,0.0952963685172402,-0.0750780395962401
YDR145W,TAF12,0.000446786,-0.007366942,0.116172065429673,-2.05994492564182
YLR222C,UTP13,0.000485362,0.012903596,0.130683037105,3.65548041211571
YIL051C,MMF1,0.000492349,-0.021440417,0.133311307508762,-6.02806336459481
YLR009W,RLP24,0.00050019,-0.003926373,0.136260823500732,-1.08985152018297
YLL003W,SFI1,0.000531503,-0.016451453,0.148039703013112,-4.6213887487183
YOR361C,PRT1,0.000569123,0.003738517,0.162191060189227,1.07131985657696
YHR101C,BIG1,0.000582547,0.00504373,0.167240709809965,1.43933413677862
YGR095C,RRP46,0.00064478,0.002335514,0.190650635677621,0.675732975994416
YDR166C,SEC5,0.000657654,0.002579755,0.195493394111574,0.744598498947938
YIL115C,NUP159,0.000658073,-0.007848592,0.195651007579325,-2.19574963955375
YMR239C,RNT1,0.00067702,-0.024930488,0.202778220881182,-7.01211421830045
YPR048W,TAH18,0.000686099,0.007078661,0.206193430126316,2.01309770427684
YGL011C,SCL1,0.000706015,0.008066296,0.213685148082709,2.29156856200426
YOR020C,HSP10,0.00074004,0.002954677,0.226484189228837,0.850310478495927
YOR046C,DBP5,0.000751214,-0.000353998,0.230687465812727,-0.0825944562130038
YML126C,ERG13,0.000784001,0.004015094,0.24302081370569,1.14930274946519
YLR186W,EMG1,0.000808709,-0.000373366,0.252315118147675,-0.0880554044099233
YDL148C,NOP14,0.000838132,-0.003661753,0.263383044309101,-1.01523999024344
YPR113W,PIS1,0.000847002,0.010921834,0.266719634903257,3.09670823013391
YFL017C,GNA1,0.000865706,-0.001893501,0.273755439917134,-0.516668502681516
YIL068C,SEC6,0.000874676,-0.003045794,0.277129647090706,-0.841565878800523
YJL111W,CCT7,0.000881907,0.008736469,0.279849701948241,2.4805287042995
YHR107C,CDC12,0.000896357,0.002035997,0.285285297673783,0.591281983579261
YLR291C,GCD7,0.000925241,0.000261037,0.296150470472159,0.0908191267223729
YGL116W,CDC20,0.000954059,0,0.306990816328121,0.0172178496426914
YPR056W,TFB4,0.000956853,0.004954616,0.308041823556991,1.4142077975789
YNR035C,ARC35,0.000968694,8.43e-05,0.312496002725581,0.0409868465964456
YIR008C,PRI1,0.000982089,0.002050691,0.317534743538289,0.595425063546502
YDR188W,CCT6,0.000982426,0.002963302,0.317661511410919,0.852742359856854
YOR063W,RPL3,0.00100155,0.011166488,0.324855306058342,3.1656902014355
YLR132C,USB1,0.001009917,0.008633531,0.328002685258038,2.45150458794806
YBL050W,SEC17,0.001027172,0.006391785,0.334493426036184,1.81942802988056
YGL044C,RNA15,0.001086517,-7.54e-07,0.35681698509032,0.017005253869226
YGL128C,CWC23,0.001091571,0.000918382,0.35871812701398,0.276162321296105
YLR208W,SEC13,0.001094908,0.004220282,0.359973392269075,1.2071569955737
YGL068W,MNP1,0.00111416,0.004958228,0.36721533613815,1.41522622719926
YOR262W,GPN2,0.001127933,0.002160609,0.372396267621048,0.626417241567413
YDL064W,UBC9,0.001135322,-0.000173819,0.37517575667406,-0.0317916792007797
YLR022C,SDO1,0.001141379,0.000901609,0.377454192889258,0.271433052186908
YBR237W,PRP5,0.001145242,-0.00090715,0.378907321352079,-0.238559678074962
YOR244W,ESA1,0.001147759,0.003565962,0.379854130655967,1.02266672170916
YHR122W,CIA2,0.001153751,0.000374559,0.382108116094545,0.122827478705577
YIL091C,UTP25,0.001165766,-0.003599795,0.386627748111319,-0.997770482375575
YPL242C,IQG1,0.001187566,0.000819421,0.3948281624239,0.248259548964664
YGR211W,ZPR1,0.001207824,-0.003202832,0.402448529081895,-0.885843882876723
YBR253W,SRB6,0.001224517,0.002131283,0.408727864683726,0.618148562983003
YMR211W,DML1,0.001229459,-0.006595004,0.410586876038441,-1.84229140286024
YKL089W,MIF2,0.001317752,0.000915299,0.443799682501778,0.275293047065874
YLL031C,GPI13,0.001345689,0.000129185,0.45430862629309,0.0536424981773384
YJL203W,PRP21,0.00144912,0.004679467,0.493215830548348,1.33662753965685
YKR008W,RSC4,0.00145706,0.000462474,0.496202586953939,0.147615751151476
YOR278W,HEM4,0.0014686,0.00050748,0.500543540218489,0.160305519560737
YOR117W,RPT5,0.001474774,0.005955505,0.502865987831603,1.69641571682025
YPL007C,TFC8,0.00149862,0.002354892,0.511836037359026,0.681196743763928
YGL233W,SEC15,0.001506639,-0.014746954,0.514852510862356,-4.14079288230457
YER018C,SPC25,0.001521241,-0.000376897,0.520345283788609,-0.0890509954922923
YNL251C,NRD1,0.001532756,-0.003924395,0.524676832908305,-1.08929380872419
YKL052C,ASK1,0.00153969,0.006441199,0.527285166524977,1.83336066588854
YBR247C,ENP1,0.001545139,0,0.529334893937328,0.0172178496426914
YLR197W,NOP56,0.001568048,0.000489979,0.537952476115627,0.155370985566814
YNL103W,MET4,0.001571012,0.009477787,0.539067431529503,2.68954869580321
YPR088C,SRP54,0.001579336,0.006636026,0.54219863560005,1.88829355283408
YML023C,NSE5,0.001589195,-0.000373316,0.545907254164626,-0.0880413065469614
YDR211W,GCD6,0.001630892,-0.020599262,0.561592239283512,-5.79089360620056
YNL188W,KAR1,0.001633407,0.004647548,0.562538296255812,1.32762774589924
YDR060W,MAK21,0.001643115,0.01391417,0.56619011378547,3.94041908741279
YPR035W,GLN1,0.001647769,0.003774848,0.567940789391468,1.08156364576233
YJL005W,CYR1,0.001652986,0.007964592,0.569903246339575,2.26289238091073
YMR005W,TAF4,0.001655648,0.013659275,0.570904599683616,3.86854959181934
YNL061W,NOP2,0.001673578,0.002091598,0.577649252372817,0.606959089150147
YDR331W,GPI8,0.001681729,-0.008268023,0.580715379760975,-2.31401125475316
YER104W,RTT105,0.001695746,0.004350167,0.585988095697648,1.24377901418981
YDL043C,PRP11,0.00169947,0.003924922,0.587388937115081,1.1238780994852
YDL195W,SEC31,0.001722557,-0.009990825,0.59607347680474,-2.79976778488272
YER012W,PRE1,0.001748776,0.003823247,0.605936167761693,1.09521009515218
YBL026W,LSM2,0.001766116,0.001602149,0.612458882632343,0.46895539057342
YBR152W,SPP381,0.00176762,0.002798583,0.613024635986752,0.806298642072448
YJL010C,NOP9,0.001774727,0,0.615698046285813,0.0172178496426914
YLR117C,CLF1,0.001803807,-0.000143144,0.626636947579844,-0.0231426402736574
YPL028W,ERG10,0.001809269,0.008840398,0.628691565147519,2.50983224029483
YPR107C,YTH1,0.001838291,-0.001478024,0.639608648825489,-0.399521746485134
YJL011C,RPC17,0.001849154,0.000287507,0.643694937847396,0.0982825353743999
YLR378C,SEC61,0.001871078,0.005189987,0.651941996718453,1.48057235964298
YHR148W,IMP3,0.001928301,-0.000782872,0.673467331957391,-0.203518593811395
YJL194W,CDC6,0.001945496,0.001539405,0.679935502787888,0.451264264299798
YHR088W,RPF1,0.001961745,-0.002450185,0.686047820777115,-0.673629597583102
YHR040W,BCD1,0.001973704,-0.000587756,0.690546387509416,-0.148504221217935
YPR110C,RPC40,0.002000643,0.009518177,0.70067991783816,2.70093694950383
YGR103W,NOP7,0.002008275,-0.00479639,0.703550815179152,-1.33515912899334
YBR254C,TRS20,0.002041207,0.005535191,0.715938707112268,1.57790513336094
YLR243W,GPN3,0.002060153,-0.009033819,0.723065544248331,-2.5299329960485
YJL087C,TRL1,0.002060196,0.001721823,0.72308171937748,0.502698343615456
YER008C,SEC3,0.002061529,-0.002334517,0.723583148381089,-0.641016165321574
YBL105C,PKC1,0.002064235,-0.008223281,0.724601053020073,-2.30139592306034
YLR002C,NOC3,0.002078139,-0.00746332,0.729831262222005,-2.08711940237265
YLR060W,FRS1,0.002083264,0.002384006,0.73175911191705,0.68940564740938
YNL310C,ZIM17,0.002085937,0.003717235,0.732764603084827,1.06531924218586
YDR167W,TAF10,0.002094179,0.000362708,0.735864961560253,0.119486003226349
YDR487C,RIB3,0.002115492,-0.00849309,0.743882183131081,-2.37747052921805
YGL092W,NUP145,0.002129704,0.002605747,0.749228251397614,0.75192713203005
YNL207W,RIO2,0.002137583,0.002355419,0.752192061689762,0.681345335239547
YJR068W,RFC2,0.002157092,0.011583739,0.759530680167934,3.28333714980977
YBL076C,ILS1,0.002194707,0.010503701,0.773680156515079,2.97881259545699
YHR074W,QNS1,0.002195327,0.004362127,0.773913379307455,1.2471512230103
YFR002W,NIC96,0.002227045,-0.006228393,0.785844605966467,-1.73892277009378
YDR037W,KRS1,0.002233377,0.004462713,0.788226487775057,1.275512175888
YDR189W,SLY1,0.002240385,-0.001257293,0.790862657660496,-0.337285038696295
YDR341C,,0.002289647,0.001625843,0.809393337012166,0.475636085873803
YKR068C,BET3,0.002301252,1.59e-05,0.813758741053336,0.0217009700645738
YNR003C,RPC34,0.002302364,0.000118415,0.814177037416436,0.0506058184953463
YGL018C,JAC1,0.002306879,0.005066165,0.815875425977047,1.44565984788962
YOR261C,RPN8,0.002312616,0.002196277,0.818033489138114,0.63647409308991
YNL151C,RPC31,0.00234652,0.011910691,0.83078701422315,3.37552363963211
YDR088C,SLU7,0.002349512,-0.007166568,0.831912502279262,-2.00344802177929
YDR016C,DAD1,0.002350384,0.004650223,0.832240518851765,1.3283819815677
YKR086W,PRP16,0.002372176,-0.005674788,0.840437923837993,-1.58282982159338
YCL017C,NFS1,0.002399833,0.005881932,0.850841541206941,1.67567127538634
YDR324C,UTP4,0.002419045,-0.001821031,0.858068438444249,-0.496235060104546
YNR016C,ACC1,0.002427667,-0.000612324,0.861311739921455,-0.155431347162891
YDL143W,CCT4,0.002429944,0.001553817,0.862168269434746,0.455327832319934
YPL043W,NOP4,0.002430268,0.009348588,0.862290147152052,2.65312009986693
YGL093W,SPC105,0.002451424,-0.003240182,0.870248310693198,-0.896374986509259
YDL147W,RPN5,0.002463032,0.002670437,0.874614843231751,0.770166947130149
YGL113W,SLD3,0.002499906,0.001690356,0.888485580725426,0.493825994539017
YOR057W,SGT1,0.002503596,0.001288847,0.889873632505859,0.38061761733967
YGR048W,UFD1,0.002533575,-0.00063531,0.901150706848835,-0.161912416723734
YKL019W,RAM2,0.002539838,0.007193216,0.903506633217628,2.04539731810884
YKL172W,EBP2,0.002549395,-0.001463952,0.907101649712369,-0.395554043933138
YHR070W,TRM5,0.002549901,-0.005591081,0.907291989604211,-1.55922802529436
YDL141W,BPL1,0.002567932,-0.000120041,0.914074635038622,-0.0166285817134844
YML130C,ERO1,0.002596935,0.00539412,0.924984571566503,1.53812914084299
YPR176C,BET2,0.002598907,0.002122765,0.925726370512577,0.615746851048814
YDR023W,SES1,0.002681721,-0.005362164,0.956878164589739,-1.4946832153814
YNL262W,POL2,0.002708412,-0.001273089,0.966918405801533,-0.341738835563217
YGL098W,USE1,0.002738366,0.005092859,0.978186075999656,1.45318641496772
YGL155W,CDC43,0.002750109,0.008040216,0.982603390920419,2.28421511668334
YML065W,ORC1,0.002754067,-0.002671263,0.984092255133685,-0.735964144540897
YNL038W,GPI15,0.002758115,-0.006515265,0.985614974268425,-1.81980841296587
YKL144C,RPC25,0.002829836,-0.001849183,1.01259396119102,-0.504172720866611
YKL024C,URA6,0.002842501,0.00196477,1.017358100974,0.571199013875524
YGR013W,SNU71,0.002847281,-0.000734679,1.01915617347006,-0.189930227616944
YGR005C,TFG2,0.002848358,-0.002693149,1.01956130403037,-0.742135061116577
YPL252C,YAH1,0.00287872,0.004878654,1.0309824498725,1.39278976025267
YPR055W,SEC8,0.002900393,0.003831321,1.03913509112923,1.09748661806327
YML031W,NDC1,0.002910555,0.001243627,1.04295768792943,0.367867510076933
YCL059C,KRR1,0.002923365,0.002623904,1.04777637175256,0.757046629986032
YDR454C,GUK1,0.002928892,0.008870213,1.04985544009685,2.51823879597901
YLR459W,GAB1,0.002942566,-0.002670147,1.05499913116613,-0.735649480239587
YDL031W,DBP10,0.002948693,0.001707508,1.05730389898692,0.498662125449465
YBR088C,POL30,0.002968166,0.001906267,1.0646289754965,0.554703668338329
YJL031C,BET4,0.002971414,0.00018282,1.06585076199592,0.0687652757765627
YMR314W,PRE5,0.003069766,0.000825958,1.10284742018266,0.250102703568302
YLR272C,YCS4,0.003072007,-0.002035009,1.10369040772736,-0.556567710521751
YBR143C,SUP45,0.003088856,-0.003133721,1.11002842519308,-0.866357534733533
YIL061C,SNP1,0.003090248,0.005107371,1.11055204797855,1.45727817871378
YGL048C,RPT6,0.003104949,0.003157585,1.11608206131842,0.907521862053369
YMR076C,PDS5,0.003159197,0.01550031,1.13648830331975,4.38764277458037
YCL004W,PGS1,0.003186648,0.005167974,1.1468144305351,1.47436563449537
YLR100W,ERG27,0.003213216,0.00103745,1.15680840335421,0.309734408239042
YGR119C,NUP57,0.003273129,-0.00301204,1.17934562457943,-0.832048693472208
YNL110C,NOP15,0.00329184,0.012394379,1.18638406275386,3.51190298243837
YIL143C,SSL2,0.003306575,0.001946742,1.19192686573074,0.566115888405983
YBR193C,MED8,0.003321307,0.002717687,1.19746854021023,0.783489427629139
YDL004W,ATP16,0.003324667,0.0040391,1.19873245727859,1.15607141543046
YGR195W,SKI6,0.003354521,0.005072316,1.2099625108973,1.4473941669912
YNL113W,RPC19,0.003390557,0.010431878,1.22351802145548,2.95856157922675
YBR060C,ORC2,0.003415397,0.004494119,1.23286197978229,1.28436732557163
YBR142W,MAK5,0.003447255,0.000896712,1.24484586965248,0.27005230748842
YJL081C,ARP4,0.003465917,-0.000714992,1.25186587570301,-0.184379335054327
YKR002W,PAP1,0.003481464,0.004040096,1.25771412530473,1.15635224486066
YGL099W,LSG1,0.003523532,0.003408079,1.27353866793325,0.978150463748906
YER022W,SRB4,0.003536005,-0.0035201,1.27823058388375,-0.975299898600611
YMR197C,VTI1,0.003557361,-0.005475587,1.28626398058373,-1.52666365359594
YDR299W,BFR2,0.003569861,-0.005526589,1.29096605301066,-1.54104403773159
YFR031C,SMC2,0.003579622,0.0012205,1.29463780732741,0.361346684542538
YAR019C,CDC15,0.003603047,-0.004452167,1.3034494910555,-1.23810295534669
YJR065C,ARP3,0.003617557,0.005728369,1.30890765672869,1.63237307278599
YBL040C,ERD2,0.003658421,0.004087347,1.32427929574104,1.16967500731691
YKR071C,DRE2,0.00369412,0.018840967,1.33770803842659,5.32956526635425
YKL042W,SPC42,0.003697415,-0.003434792,1.33894750471833,-0.951246688729545
YMR240C,CUS1,0.003697645,0.013293759,1.33903402285098,3.76548970225175
YDR353W,TRR1,0.003716059,0.006972639,1.34596073978455,1.98320403173792
YML127W,RSC9,0.003753036,0.038892439,1.35987022235503,10.9832233551596
YOR249C,APC5,0.003773425,0.00532502,1.36753986673206,1.51864589422965
YBR155W,CNS1,0.003800504,-0.001248054,1.37772606027198,-0.334680035578196
YGL123W,RPS2,0.003831459,-0.000152677,1.38937027243005,-0.0258305388259722
YJR013W,GPI14,0.003832274,0.001550414,1.38967684755229,0.454368331766748
YOR116C,RPO31,0.003845319,-0.021513067,1.39458393033704,-6.04854755947844
YDR527W,RBA50,0.003881891,0.009802793,1.40834106576089,2.78118649679908
YDR499W,LCD1,0.003882041,0.001956857,1.40839749063001,0.568967886083174
YMR146C,TIF34,0.003884655,-0.001479688,1.40938078801593,-0.399990923364506
YKL189W,HYM1,0.003902188,9.45e-05,1.41597610288485,0.0438628106406721
YJR042W,NUP85,0.003932938,0.005491369,1.42754320105512,1.56554920234661
YDR240C,SNU56,0.00394136,0.003213262,1.4307112693735,0.923220396375957
YDL030W,PRP9,0.003960962,0.006502123,1.43808487127052,1.85053862995035
YDR021W,FAL1,0.003992035,-0.005004149,1.44977347099231,-1.39373828721534
YLR088W,GAA1,0.004019794,0.004424165,1.46021545727226,1.2646432874589
YDR292C,SRP101,0.004031923,-0.00795434,1.46477797218957,-2.22556605580364
YNL240C,NAR1,0.004085126,0.001091985,1.484791120936,0.32511094737158
YLR314C,CDC3,0.004090702,0.000773376,1.48688862140421,0.235276826963055
YDL017W,CDC7,0.004163541,0.003023191,1.51428816168467,0.869628498155352
YDR472W,TRS31,0.004172748,0.010455295,1.51775152015146,2.96516417236632
YOR148C,SPP2,0.004191425,-0.001032502,1.5247771686889,-0.27390358443495
YKL145W,RPT1,0.004197301,0.002766222,1.52698751889535,0.79717422320625
YCR054C,CTR86,0.004204048,-0.003699197,1.52952550950852,-1.02579759785834
YDL108W,KIN28,0.004231757,-0.000840657,1.53994868749876,-0.219811494036457
YLR033W,RSC58,0.004240804,0.001834888,1.54335185943848,0.534577841131188
YNR017W,TIM23,0.004336679,0.010029448,1.5794167549531,2.84509351939164
YPR186C,PZF1,0.004339276,0.007921842,1.58039365752052,2.25083870807831
YGL091C,NBP35,0.004426999,0.002344548,1.61339204948119,0.678280177874372
YJL002C,OST1,0.004463766,0.000462626,1.62722253723489,0.14765860865488
YLR086W,SMC4,0.004467883,-0.001943328,1.62877121180943,-0.530717587037562
YCR052W,RSC6,0.004484967,0.0058857,1.63519762823678,1.67673369033915
YJL050W,MTR4,0.004491586,-0.033994591,1.63768746962829,-9.5678038576304
YBR121C,GRS1,0.00454367,0.005247306,1.65727968885106,1.49673386778524
YLR316C,TAD3,0.00464163,0.004399183,1.6941288900465,1.25759943120862
YGR120C,COG2,0.004672774,-0.006302655,1.70584419753967,-1.7598614800793
YEL058W,PCM1,0.004714306,0.001837961,1.72146711530252,0.535444295788826
YCR012W,PGK1,0.004716644,0.006206761,1.72234659092925,1.76725916994733
YML093W,UTP14,0.004744868,-0.00026417,1.73296349430349,-0.0572667995301824
YOR149C,SMP3,0.004763815,0.007641942,1.74009070760534,2.17191887121762
YDR177W,UBC1,0.004814795,0.013910467,1.75926763979137,3.93937499968183
YGL145W,TIP20,0.004876378,0.012956298,1.78243305789283,3.67034012359207
YLR010C,TEN1,0.004891229,0.010104934,1.78801949610182,2.86637734506248
YDR172W,SUP35,0.004900566,-0.001799445,1.79153175612185,-0.490148730706636
YDR164C,SEC1,0.004914546,-0.001732886,1.79679055392414,-0.471381937489022
YKL193C,SDS22,0.004928941,-0.00555491,1.802205460531,-1.54902934927046
YJR016C,ILV3,0.004936981,0.008576347,1.80522983351601,2.43538114403581
YPL122C,TFB2,0.004942327,0.00939565,1.80724081585156,2.66638957240119
YDL060W,TSR1,0.004968186,-0.009454174,1.81696808712262,-2.64845513975544
YFL002C,SPB4,0.004968907,-0.004621197,1.8172393026602,-1.28576219087568
YNL163C,RIA1,0.004983278,0.000791056,1.82264518128801,0.240261831306381
YGR140W,CBF2,0.005003498,-0.003831443,1.83025125364582,-1.06308531756351
YFR028C,CDC14,0.005024966,-0.023307255,1.83832678091475,-6.55443189051595
YCR057C,PWP2,0.00503364,0.001617347,1.84158964301325,0.473240576999318
YFR004W,RPN11,0.005069937,0.0277925,1.8552433328437,7.85351497701179
YJR064W,CCT5,0.005099344,0.004137783,1.86630524035242,1.18389580364383
YER125W,RSP5,0.005106864,0.010872581,1.86913400712446,3.08282098924467
YDR464W,SPP41,0.005108692,-0.011730787,1.86982163819618,-3.2903627015808
YDL235C,YPD1,0.00513965,0.011312606,1.88146697885163,3.20688923224082
YNL258C,DSL1,0.005177183,0.000520233,1.89558560960366,0.163901320487797
YMR028W,TAP42,0.005198927,0.002565124,1.90376495863176,0.740473182288029
YIL078W,THS1,0.005201916,0.003318612,1.90488931819049,0.952924593636669
YBR102C,EXO84,0.005230138,-0.009358886,1.91550546923314,-2.62158799643718
YOR329C,SCD5,0.005255449,-0.007695592,1.925026601649,-2.15261017889035
YGR116W,SPT6,0.005294256,-0.015354998,1.93962446762278,-4.31223530204062
YJL167W,ERG20,0.00531449,-0.002914283,1.94723580630171,-0.804485397680889
YKL058W,TOA2,0.00531651,0.008592921,1.94799566120591,2.44005430365041
YER147C,SCC4,0.005340734,0.000856742,1.95710790140352,0.258782475836681
YHR083W,SAM35,0.005368144,0.003301958,1.96741860582131,0.948228877441321
YLR336C,SGD1,0.005404709,0.001779168,1.98117310808459,0.518867182646452
YHR042W,NCP1,0.005423711,0.006306884,1.98832101050513,1.795489576614
YBR198C,TAF5,0.005424772,-0.001109933,1.98872012241273,-0.295735816974999
YOR056C,NOB1,0.005446019,0.009616627,1.99671251704114,2.7286956416758
YPL020C,ULP1,0.005462167,-0.003900623,2.00278684228516,-1.08259112075759
YOR336W,KRE5,0.005504073,-0.001466237,2.01855044605502,-0.396198316270497
YDR473C,PRP3,0.005539103,0.008531306,2.03172753382428,2.42268150712247
YFR051C,RET2,0.005584526,-0.000117145,2.04881411269218,-0.0158120334907314
YLR007W,NSE1,0.005670087,-0.004168164,2.08099923420589,-1.15802624785136
YJL025W,RRN7,0.005701035,-0.002010322,2.0926408132034,-0.549607031662945
YDR235W,PRP42,0.005823965,-0.002750397,2.13888287427889,-0.758276550293428
YPL146C,NOP53,0.005833241,0.004807657,2.14237218818547,1.37277164071856
YDR498C,SEC20,0.005838277,0.007733025,2.14426655912484,2.19760038426079
YKR004C,ECM9,0.00585476,0.00675778,2.1504668999099,1.92262297697533
YDL008W,APC11,0.005858796,0.007473657,2.15198510505511,2.12446969384677
YLL034C,RIX7,0.005893068,0.005132309,2.16487705915239,1.46430962884466
YKL141W,SDH3,0.005934507,0.009058632,2.18046499349639,2.57136490080735
YPL117C,IDI1,0.00593723,0.006046742,2.18148929295387,1.72214065128134
YBR110W,ALG1,0.006068407,0.002977174,2.23083359333376,0.856653670957002
YIL022W,TIM44,0.006086374,0.003998894,2.23759216415734,1.14473504186554
YOR157C,PUP1,0.006095325,0.011934794,2.24095922418082,3.38231965545152
YNL158W,PGA1,0.006169449,0.007698751,2.26884213750678,2.18793658115767
YIL118W,RHO3,0.006229617,0.017083384,2.2914752810095,4.83400198079114
YMR301C,ATM1,0.006240995,0.00934061,2.2957552954154,2.65087064485273
YGR060W,ERG25,0.006302734,0.002701943,2.31897939538074,0.779050292539698
YCL031C,RRP7,0.006362937,0.005243527,2.34162570468626,1.49566835130258
YMR093W,UTP15,0.006375136,0.0067907,2.34621455120916,1.93190500994944
YGR158C,MTR3,0.006376948,0.001759756,2.34689616362817,0.513393828330126
YNL221C,POP1,0.006410813,0.012596316,2.35963501824723,3.56884058549709
YMR235C,RNA1,0.006428593,0.009501484,2.36632324606731,2.69623023697537
YML049C,RSE1,0.006442893,0.002786479,2.37170241692373,0.802885831406632
YLR071C,RGR1,0.006465933,-0.000324499,2.38036927682106,-0.0742769990227452
YCR035C,RRP43,0.006491764,0.009181907,2.39008601544988,2.6061231819399
YNL137C,NAM9,0.006516653,0.005449289,2.39944840590061,1.55368444087788
YPR086W,SUA7,0.006537272,-0.005427333,2.40720456841029,-1.51305808800867
YBR038W,CHS2,0.006539295,0.009701532,2.40796555181187,2.75263522277139
YLR276C,DBP9,0.006594766,0.003079322,2.42883184457945,0.885455041073634
YIL026C,IRR1,0.006639521,-0.00211897,2.44566714469686,-0.580241123964624
YGR156W,PTI1,0.00664498,0.008432761,2.44772063376715,2.39489602901087
YFR005C,SAD1,0.006732934,0.002315585,2.48080592002627,0.670113849775065
YMR296C,LCB1,0.007002354,0.014714081,2.58215250828754,4.16595980060703
YDR434W,GPI17,0.007007223,0.000899448,2.58398405953929,0.270823742549694
YHR023W,MYO1,0.007039887,-0.001735162,2.59627113903957,-0.472023672211047
YKL152C,GPM1,0.007058541,0.009418788,2.60328813576374,2.67291349946543
YFL009W,CDC4,0.007106943,-0.003600482,2.62149531253243,-0.997964187012671
YDL007W,RPT2,0.00711848,0.00466991,2.6258351372996,1.33393287413031
YDR407C,TRS120,0.007123756,0.00384934,2.62781978802956,1.10256720591748
YHR020W,,0.007186762,-0.000159173,2.6515204900561,-0.0276621331819815
YMR290C,HAS1,0.007202973,NA,2.65761851374515,NA
YNL216W,RAP1,0.007206927,-0.001508172,2.65910587329524,-0.408022193936638
YNL075W,IMP4,0.007244017,0.020036565,2.67305786260045,5.66667280158456
YPR143W,RRP15,0.007298019,0.008701881,2.69337156781642,2.47077636661697
YBR029C,CDS1,0.007328432,0.01166069,2.70481189811406,3.30503404286538
YML069W,POB3,0.007376314,0.005902211,2.72282346866979,1.68138908664643
YDL120W,YFH1,0.007388998,0.011389912,2.72759475560286,3.22868622012346
YGR075C,PRP38,0.007450986,0.003166124,2.75091252085094,0.909929495090002
YNL026W,SAM50,0.007469721,0.001420783,2.75795998700444,0.417817930294481
YMR001C,CDC5,0.007488987,-0.010465723,2.76520719719463,-2.93366872338027
YBR192W,RIM2,0.0074985,0.000458888,2.76878566239443,0.146604652419849
YIL144W,NDC80,0.007535131,0.004665881,2.78256499160013,1.33279686833284
YOR232W,MGE1,0.007551713,0.006499902,2.78880257279881,1.84991240287758
YOR326W,MYO2,0.007557953,-0.017435248,2.79114984735433,-4.89877689057024
YGR198W,YPP1,0.007641466,0.000293057,2.82256458132161,0.0998473981631702
YPR183W,DPM1,0.007655159,0.013699108,2.82771541954098,3.87978079532657
YLR212C,TUB4,0.007768462,0.010847779,2.87033613251613,3.07582788530105
YHR172W,SPC97,0.007777191,-0.006250105,2.87361968373331,-1.74504462610635
YDR412W,RRP17,0.007792675,0.002033633,2.87944423489001,0.590615436618423
YOR048C,RAT1,0.007831673,0.011017508,2.89411394853047,3.12368420895424
YMR168C,CEP3,0.007848439,0.009772288,2.90042074423528,2.77258539060603
YGL055W,OLE1,0.007863655,0.006293705,2.90614448295914,1.79177366189451
YHR007C,ERG11,0.008059294,0.008912984,2.97973718276185,2.53029838991387
YNR038W,DBP6,0.008060201,0.001924205,2.98007836513715,0.559761417654539
YLR298C,YHC1,0.008085515,0.005373178,2.9896006260504,1.53222439192003
YLR440C,SEC39,0.008126174,-2.54e-05,3.00489515107495,0.0100561352580489
YLR223C,IFH1,0.008151554,0.002380817,3.0144422389306,0.688506485709671
YPL012W,RRP12,0.008281695,-0.001543609,3.06339683154775,-0.418013913332251
YPR178W,PRP4,0.008303799,0.004305567,3.07171160026175,1.2312037204278
YNL306W,MRPS18,0.008355614,0.008626123,3.0912026308859,2.44941584857163
YNL256W,FOL1,0.008367628,0.010204157,3.09572188673688,2.89435399019584
YPR190C,RPC82,0.008497445,0.002322627,3.14455460163671,0.672099392794618
YNL181W,,0.008679675,-0.029211247,3.2131032943056,-8.21910529339839
YKL059C,MPE1,0.008700704,0.010284977,3.22101368479089,2.91714177588744
YOR281C,PLP2,0.008751361,0.001843496,3.2400691154254,0.537004929218708
YBR123C,TFC1,0.008769102,0.004375203,3.24674267277951,1.25083809613209
YDL209C,CWC2,0.008844616,0.010186529,3.27514845655934,2.88938364762999
YFL024C,EPL1,0.008919489,0.012029004,3.30331311806511,3.40888284884433
YKL045W,PRI2,0.00906997,0.021202858,3.35991892293537,5.99551757933289
YLL008W,DRS1,0.009119774,0.00150128,3.37865348414747,0.440514643791353
YKL165C,MCD4,0.009182137,-1.59e-05,3.40211231156837,0.0127347292208089
YDR168W,CDC37,0.00920458,0.011350573,3.41055460048659,3.2175943035023
YNL132W,KRE33,0.009238799,-0.00611859,3.42342661779679,-1.70796301715768
YOR353C,SOG2,0.00928231,0.010896894,3.43979396766627,3.08967621608852
YER146W,LSM5,0.009325967,0.000390479,3.4562162377417,0.127316238272644
YPL233W,NSL1,0.00939187,-0.00250454,3.4810066920739,-0.688955384408978
YPL128C,TBF1,0.009421299,0.033007126,3.49207687523009,9.32381663192244
YOL135C,MED7,0.009549051,0.000675498,3.540132807765,0.207679414343369
YGR029W,ERV1,0.009729146,0.010779816,3.60787838646336,3.05666522409146
YMR033W,ARP9,0.009743186,0.00294777,3.6131597542133,0.848362999706371
YDR303C,RSC3,0.009801195,-0.005735573,3.63498075576645,-1.59996859359616
YMR270C,RRN9,0.009883096,0.00685296,3.66578911047354,1.94945966890959
YHR062C,RPP1,0.009947992,0.017920293,3.69020076585103,5.06997454866266
YJL039C,NUP192,0.010024163,-0.002961483,3.71885369055763,-0.817793780316918
YIL106W,MOB1,0.010052868,0.005648469,3.72965152967885,1.60984468777289
YLR277C,YSH1,0.010073213,0.005783687,3.73730462276093,1.64797038445251
YBR049C,REB1,0.010113782,0.001604184,3.75256529286401,0.469529173595969
YDR050C,TPI1,0.010140047,0.010387517,3.7624452874475,2.9460536732497
YIL048W,NEO1,0.010186811,0.001456474,3.78003630464537,0.42788126683394
YJR002W,MPP10,0.01025689,0.006230788,3.80639762733396,1.77403375701504
YEL032W,MCM3,0.010451923,0.002756989,3.87976237066542,0.794570911831707
YPR034W,ARP7,0.010851516,0.001155317,4.03007558884924,0.342967864513635
YBR196C,PGI1,0.010956402,0.007055245,4.069530114335,2.00649539309453
YLR005W,SSL1,0.010959572,0.001377028,4.07072255990247,0.405480890416527
YGR065C,VHT1,0.011011429,0.000461395,4.09022938948997,0.147311519268758
YGR186W,TFG1,0.011015005,0.01175794,4.09157455836987,3.33245438632627
YKL195W,MIA40,0.011082029,0.012203492,4.11678669455732,3.45808100709423
YDR280W,RRP45,0.011126406,-0.002331916,4.13347980400454,-0.640282794490296
YMR185W,RTP1,0.011443842,-0.005985294,4.25288836903797,-1.67037924233031
YIL031W,ULP2,0.011561217,0.001394535,4.29704082912692,0.410417116154004
YGR128C,UTP8,0.011606738,0.002185952,4.31416427224266,0.633562884388279
YMR268C,PRP24,0.011887676,0.003568944,4.41984353812101,1.02350751825621
YIL083C,CAB2,0.011960915,0.006231857,4.44739354471914,1.77433516932516
YPR033C,HTS1,0.01216579,0.005063517,4.52446051179666,1.44491322506716
YHR019C,DED81,0.012250838,-0.007471818,4.55645266025797,-2.08951547516165
YKL210W,UBA1,0.012251302,0.010557063,4.55662720118646,2.99385839872444
YMR229C,RRP5,0.012252366,-0.000885309,4.55702744159144,-0.232401449575947
YDL193W,NUS1,0.012349334,0.002060324,4.59350348631907,0.598141157824741
YBR202W,MCM7,0.012515742,0.005582087,4.65610048379284,1.59112780099016
YER093C,TSC11,0.012796507,0.011697614,4.7617146729888,3.31544503270548
YCR072C,RSA4,0.012863862,0.000909295,4.78705132005412,0.27360017568141
YLL035W,GRC3,0.013023517,0,4.84710806991995,0.0172178496426914
YGR245C,SDA1,0.013294431,0.002307158,4.94901664987769,0.667737795951467
YBR055C,PRP6,0.013759567,0.00322006,5.12398490270783,0.925137141824256
YPR019W,MCM4,0.013770272,-0.006656695,5.12801175753426,-1.85968562813989
YGR098C,ESP1,0.013879889,-0.006388995,5.16924592339216,-1.7842056698419
YPR181C,SEC23,0.013908328,-0.001449295,5.17994370241213,-0.391421396384489
YNL112W,DBP2,0.013911694,0.012587008,5.18120987647526,3.56621612732811
YER136W,GDI1,0.014229469,-0.022387733,5.3007459617129,-6.29516598758701
YDR404C,RPB7,0.014238693,0.00467971,5.30421571499819,1.33669605527084
YPL085W,SEC16,0.014263359,0.006135434,5.31349422047682,1.74714800451767
YPL231W,FAS2,0.014541107,0.003331775,5.41797351747182,0.956635997040018
YFL022C,FRS2,0.014581358,0.005186006,5.43311456685235,1.47944988779395
YER168C,CCA1,0.014937417,0.009612502,5.56705178335343,2.72753256798144
YEL002C,WBP1,0.014938955,0.011255918,5.56763032634484,3.19090563912914
YDR047W,HEM12,0.014979431,0.025002053,5.58285601302906,7.0667281888432
YKL033W,TTI1,0.015577212,0.012387153,5.8077207776249,3.50986555928312
YDL126C,CDC48,0.016026557,-0.016844911,5.97674899639953,-4.73232708802352
YLR305C,STT4,0.01628297,-0.008595533,6.07320279617623,-2.40635507672616
YNL126W,SPC98,0.016303447,-0.003832519,6.08090554314314,-1.06338870357445
YOR160W,MTR10,0.016334421,0.008812429,6.0925569024513,2.50194617771121
YER171W,RAD3,0.016554318,0.00731808,6.17527463208863,2.08060362932632
YGL001C,ERG26,0.016930907,0.019078534,6.31693453234371,5.39654900655962
YPL075W,GCR1,0.018188371,0.008824817,6.78994947652518,2.50543906423864
YDR081C,PDC2,0.020525243,0.000659124,7.66900078824404,0.203062646180607
YDR301W,CFT1,0.020553637,-0.000213819,7.67968163980328,-0.0430699695702954
YDL084W,SUB2,0.021341353,-8.78e-05,7.97599345451197,-0.00753799771839551
YDR416W,SYF1,0.022847024,-0.001601864,8.5423753819633,-0.434439333469155
YGL103W,RPL28,0.023173316,0.003244015,8.66511527126976,0.9318914279693
YLR310C,CDC25,0.030542425,0.060017058,11.4371220104704,16.9394630308443
YGR191W,HIP1,0.037020397,0.004388799,13.873913492365,1.25467158702869
YBR140C,IRA1,0.043781629,0.06003988,16.417257697112,16.9458978594146
YOR224C,RPB8,0.046492011,-0.010566766,17.4368106946057,-2.96215853072545
